{"SID": {"d2 multimodal": 0.9097075513092574, "d2 global": 0.9565448874874927, "d2 funnel": 0.9891126837234622, "d5 multimodal": 0.9493598918280779, "d5 global": 0.88813880586134, "d5 funnel": 0.9964057479279137, "d10 multimodal": 0.8534431151873035, "d10 global": 0.7888087746016649, "d10 funnel": 0.9964057479279137, "d20 multimodal": 0.8685384097696396, "d20 global": 0.7721439326146601, "d20 funnel": 0.996439735401135, "d40 multimodal": 0.7992664860291641, "d40 global": 0.7997972029009606, "d40 funnel": 0.9891126837234622}}