{"SID": {"d2 multimodal": 0.8339287355416388, "d2 global": 0.822678957790783, "d2 funnel": 0.9404761904761905}, "dense": {"d2 multimodal": 0.8253041722134437, "d2 global": 0.8498899771631505, "d2 funnel": 0.9518800109565513}, "NDCNN": {"d2 multimodal": 0.3225863571973412, "d2 global": 0.29239461103867886, "d2 funnel": 0.7033731899497824}}