{"SID": {"d5 multimodal": 0.9543458159963014, "d5 global": 0.8993663328029491, "d5 funnel": 1.0, "d10 multimodal": 0.8299015288380358, "d10 global": 0.8251070072923563, "d10 funnel": 1.0, "d20 multimodal": 0.8852255420080661, "d20 global": 0.7355053560363116, "d20 funnel": 1.0, "d30 multimodal": 0.8374679136495101, "d30 global": 0.7874504375876604, "d30 funnel": 1.0}, "dense": {"d5 multimodal": 0.9231294528374889, "d5 global": 0.8628844753181507, "d5 funnel": 1.0, "d10 multimodal": 0.8855855890046267, "d10 global": 0.783641881485892, "d10 funnel": 1.0, "d20 multimodal": 0.8606384376493071, "d20 global": 0.7757196144682971, "d20 funnel": 0.996439735401135, "d30 multimodal": 0.7443749586943769, "d30 global": 0.8126845636406689, "d30 funnel": 1.0}, "NDCNN": {"d5 multimodal": -1, "d5 global": -1, "d5 funnel": -1, "d10 multimodal": -1, "d10 global": -1, "d10 funnel": -1, "d20 multimodal": -1, "d20 global": -1, "d20 funnel": -1, "d30 multimodal": -1, "d30 global": -1, "d30 funnel": -1}}